rift_density,resource_count,initial_fuel,base_supply,resource_supply,seed_start,seed_count,seed_end,total_runs,direct_feasible_count,direct_feasible_ratio,via_base_feasible_count,via_base_feasible_ratio,via_resource_feasible_count,via_resource_feasible_ratio,any_feasible_count,any_feasible_ratio,still_infeasible_count,still_infeasible_ratio,direct_failure_count,rescued_by_base_count,rescued_by_base_ratio,rescued_by_resource_count,rescued_by_resource_ratio,base_only_rescue_count,base_only_rescue_ratio,resource_only_rescue_count,resource_only_rescue_ratio,both_supply_options_count,both_supply_options_ratio,base_rescue_rate_among_direct_failures,resource_rescue_rate_among_direct_failures,any_rescue_rate_among_direct_failures,base_only_share_among_rescued,any_feasible_ratio_delta_vs_r0,still_infeasible_ratio_delta_vs_r0,remaining_fuel_at_goal_sample_count,remaining_fuel_at_goal_excluded_count,remaining_fuel_at_goal_min,remaining_fuel_at_goal_median,remaining_fuel_at_goal_p90,remaining_fuel_at_goal_max,required_supply_sample_count,required_supply_excluded_count,required_supply_min,required_supply_median,required_supply_p90,required_supply_max,best_cost_via_resource_sample_count,best_cost_via_resource_excluded_count,best_cost_via_resource_min,best_cost_via_resource_median,best_cost_via_resource_p90,best_cost_via_resource_max
0.10,0,14,8,5,1,1000,1000,1000,94,0.094,971,0.971,0,0.0,971,0.971,29,0.029,906,877,0.877,0,0.0,877,0.877,0,0.0,0,0.0,0.9679911699779249,0.0,0.9679911699779249,1.0,0.0,0.0,971,29,0,5,7,8,977,23,0,3,5,10,0,1000,N/A,N/A,N/A,N/A
0.10,0,14,10,5,1,1000,1000,1000,94,0.094,977,0.977,0,0.0,977,0.977,23,0.023,906,883,0.883,0,0.0,883,0.883,0,0.0,0,0.0,0.9746136865342163,0.0,0.9746136865342163,1.0,0.0,0.0,977,23,0,7,9,10,977,23,0,3,5,10,0,1000,N/A,N/A,N/A,N/A
0.10,0,14,12,5,1,1000,1000,1000,94,0.094,977,0.977,0,0.0,977,0.977,23,0.023,906,883,0.883,0,0.0,883,0.883,0,0.0,0,0.0,0.9746136865342163,0.0,0.9746136865342163,1.0,0.0,0.0,977,23,2,9,11,12,977,23,0,3,5,10,0,1000,N/A,N/A,N/A,N/A
0.10,0,16,8,5,1,1000,1000,1000,615,0.615,977,0.977,0,0.0,977,0.977,23,0.023,385,362,0.362,0,0.0,362,0.362,0,0.0,0,0.0,0.9402597402597402,0.0,0.9402597402597402,1.0,0.0,0.0,977,23,0,7,9,10,977,23,0,0,3,8,0,1000,N/A,N/A,N/A,N/A
0.10,0,16,10,5,1,1000,1000,1000,615,0.615,977,0.977,0,0.0,977,0.977,23,0.023,385,362,0.362,0,0.0,362,0.362,0,0.0,0,0.0,0.9402597402597402,0.0,0.9402597402597402,1.0,0.0,0.0,977,23,2,9,11,12,977,23,0,0,3,8,0,1000,N/A,N/A,N/A,N/A
0.10,0,16,12,5,1,1000,1000,1000,615,0.615,977,0.977,0,0.0,977,0.977,23,0.023,385,362,0.362,0,0.0,362,0.362,0,0.0,0,0.0,0.9402597402597402,0.0,0.9402597402597402,1.0,0.0,0.0,977,23,4,11,13,14,977,23,0,0,3,8,0,1000,N/A,N/A,N/A,N/A
0.10,0,18,8,5,1,1000,1000,1000,922,0.922,977,0.977,0,0.0,977,0.977,23,0.023,78,55,0.055,0,0.0,55,0.055,0,0.0,0,0.0,0.7051282051282052,0.0,0.7051282051282052,1.0,0.0,0.0,977,23,2,9,11,12,977,23,0,0,0,5,0,1000,N/A,N/A,N/A,N/A
0.10,0,18,10,5,1,1000,1000,1000,922,0.922,977,0.977,0,0.0,977,0.977,23,0.023,78,55,0.055,0,0.0,55,0.055,0,0.0,0,0.0,0.7051282051282052,0.0,0.7051282051282052,1.0,0.0,0.0,977,23,4,11,13,14,977,23,0,0,0,5,0,1000,N/A,N/A,N/A,N/A
0.10,0,18,12,5,1,1000,1000,1000,922,0.922,977,0.977,0,0.0,977,0.977,23,0.023,78,55,0.055,0,0.0,55,0.055,0,0.0,0,0.0,0.7051282051282052,0.0,0.7051282051282052,1.0,0.0,0.0,977,23,6,13,15,16,977,23,0,0,0,5,0,1000,N/A,N/A,N/A,N/A
0.10,0,20,8,5,1,1000,1000,1000,971,0.971,977,0.977,0,0.0,977,0.977,23,0.023,29,6,0.006,0,0.0,6,0.006,0,0.0,0,0.0,0.20689655172413793,0.0,0.20689655172413793,1.0,0.0,0.0,977,23,4,11,13,14,977,23,0,0,0,2,0,1000,N/A,N/A,N/A,N/A
0.10,0,20,10,5,1,1000,1000,1000,971,0.971,977,0.977,0,0.0,977,0.977,23,0.023,29,6,0.006,0,0.0,6,0.006,0,0.0,0,0.0,0.20689655172413793,0.0,0.20689655172413793,1.0,0.0,0.0,977,23,6,13,15,16,977,23,0,0,0,2,0,1000,N/A,N/A,N/A,N/A
0.10,0,20,12,5,1,1000,1000,1000,971,0.971,977,0.977,0,0.0,977,0.977,23,0.023,29,6,0.006,0,0.0,6,0.006,0,0.0,0,0.0,0.20689655172413793,0.0,0.20689655172413793,1.0,0.0,0.0,977,23,8,15,17,18,977,23,0,0,0,2,0,1000,N/A,N/A,N/A,N/A
0.10,0,22,8,5,1,1000,1000,1000,977,0.977,977,0.977,0,0.0,977,0.977,23,0.023,23,0,0.0,0,0.0,0,0.0,0,0.0,0,0.0,0.0,0.0,0.0,N/A,0.0,0.0,977,23,6,13,15,16,977,23,0,0,0,0,0,1000,N/A,N/A,N/A,N/A
0.10,0,22,10,5,1,1000,1000,1000,977,0.977,977,0.977,0,0.0,977,0.977,23,0.023,23,0,0.0,0,0.0,0,0.0,0,0.0,0,0.0,0.0,0.0,0.0,N/A,0.0,0.0,977,23,8,15,17,18,977,23,0,0,0,0,0,1000,N/A,N/A,N/A,N/A
0.10,0,22,12,5,1,1000,1000,1000,977,0.977,977,0.977,0,0.0,977,0.977,23,0.023,23,0,0.0,0,0.0,0,0.0,0,0.0,0,0.0,0.0,0.0,0.0,N/A,0.0,0.0,977,23,10,17,19,20,977,23,0,0,0,0,0,1000,N/A,N/A,N/A,N/A
0.10,0,24,8,5,1,1000,1000,1000,977,0.977,977,0.977,0,0.0,977,0.977,23,0.023,23,0,0.0,0,0.0,0,0.0,0,0.0,0,0.0,0.0,0.0,0.0,N/A,0.0,0.0,977,23,8,15,17,18,977,23,0,0,0,0,0,1000,N/A,N/A,N/A,N/A
0.10,0,24,10,5,1,1000,1000,1000,977,0.977,977,0.977,0,0.0,977,0.977,23,0.023,23,0,0.0,0,0.0,0,0.0,0,0.0,0,0.0,0.0,0.0,0.0,N/A,0.0,0.0,977,23,10,17,19,20,977,23,0,0,0,0,0,1000,N/A,N/A,N/A,N/A
0.10,0,24,12,5,1,1000,1000,1000,977,0.977,977,0.977,0,0.0,977,0.977,23,0.023,23,0,0.0,0,0.0,0,0.0,0,0.0,0,0.0,0.0,0.0,0.0,N/A,0.0,0.0,977,23,12,19,21,22,977,23,0,0,0,0,0,1000,N/A,N/A,N/A,N/A
0.10,1,14,8,5,1,1000,1000,1000,80,0.08,973,0.973,713,0.713,975,0.975,25,0.025,920,893,0.893,639,0.639,256,0.256,2,0.002,637,0.637,0.9706521739130435,0.6945652173913044,0.9728260869565217,0.2860335195530726,0.0040000000000000036,-0.004,975,25,0,5,7,8,977,23,0,2,5,10,977,23,14,18,21,31
0.10,1,14,10,5,1,1000,1000,1000,80,0.08,976,0.976,713,0.713,976,0.976,24,0.024,920,896,0.896,639,0.639,257,0.257,0,0.0,639,0.639,0.9739130434782609,0.6945652173913044,0.9739130434782609,0.28683035714285715,-0.0010000000000000009,0.0010000000000000009,976,24,0,7.0,9,10,977,23,0,2,5,10,977,23,14,18,21,31
0.10,1,14,12,5,1,1000,1000,1000,80,0.08,977,0.977,713,0.713,977,0.977,23,0.023,920,897,0.897,639,0.639,258,0.258,0,0.0,639,0.639,0.975,0.6945652173913044,0.975,0.28762541806020064,0.0,0.0,977,23,1,9,11,12,977,23,0,2,5,10,977,23,14,18,21,31
0.10,1,16,8,5,1,1000,1000,1000,587,0.587,976,0.976,876,0.876,976,0.976,24,0.024,413,389,0.389,324,0.324,65,0.065,0,0.0,324,0.324,0.9418886198547215,0.784503631961259,0.9418886198547215,0.16709511568123395,-0.0010000000000000009,0.0010000000000000009,976,24,0,7.0,9,10,977,23,0,0,3,8,977,23,14,18,21,31
0.10,1,16,10,5,1,1000,1000,1000,587,0.587,977,0.977,876,0.876,977,0.977,23,0.023,413,390,0.39,324,0.324,66,0.066,0,0.0,324,0.324,0.9443099273607748,0.784503631961259,0.9443099273607748,0.16923076923076924,0.0,0.0,977,23,1,9,11,12,977,23,0,0,3,8,977,23,14,18,21,31
0.10,1,16,12,5,1,1000,1000,1000,587,0.587,977,0.977,876,0.876,977,0.977,23,0.023,413,390,0.39,324,0.324,66,0.066,0,0.0,324,0.324,0.9443099273607748,0.784503631961259,0.9443099273607748,0.16923076923076924,0.0,0.0,977,23,3,11,13,14,977,23,0,0,3,8,977,23,14,18,21,31
0.10,1,18,8,5,1,1000,1000,1000,917,0.917,977,0.977,937,0.937,977,0.977,23,0.023,83,60,0.06,49,0.049,11,0.011,0,0.0,49,0.049,0.7228915662650602,0.5903614457831325,0.7228915662650602,0.18333333333333332,0.0,0.0,977,23,1,9,11,12,977,23,0,0,0,4,977,23,14,18,21,31
0.10,1,18,10,5,1,1000,1000,1000,917,0.917,977,0.977,937,0.937,977,0.977,23,0.023,83,60,0.06,49,0.049,11,0.011,0,0.0,49,0.049,0.7228915662650602,0.5903614457831325,0.7228915662650602,0.18333333333333332,0.0,0.0,977,23,3,11,13,14,977,23,0,0,0,4,977,23,14,18,21,31
0.10,1,18,12,5,1,1000,1000,1000,917,0.917,977,0.977,937,0.937,977,0.977,23,0.023,83,60,0.06,49,0.049,11,0.011,0,0.0,49,0.049,0.7228915662650602,0.5903614457831325,0.7228915662650602,0.18333333333333332,0.0,0.0,977,23,5,13,15,16,977,23,0,0,0,4,977,23,14,18,21,31
0.10,1,20,8,5,1,1000,1000,1000,971,0.971,977,0.977,965,0.965,977,0.977,23,0.023,29,6,0.006,5,0.005,1,0.001,0,0.0,5,0.005,0.20689655172413793,0.1724137931034483,0.20689655172413793,0.16666666666666666,0.0,0.0,977,23,3,11,13,14,977,23,0,0,0,2,977,23,14,18,21,31
0.10,1,20,10,5,1,1000,1000,1000,971,0.971,977,0.977,965,0.965,977,0.977,23,0.023,29,6,0.006,5,0.005,1,0.001,0,0.0,5,0.005,0.20689655172413793,0.1724137931034483,0.20689655172413793,0.16666666666666666,0.0,0.0,977,23,5,13,15,16,977,23,0,0,0,2,977,23,14,18,21,31
0.10,1,20,12,5,1,1000,1000,1000,971,0.971,977,0.977,965,0.965,977,0.977,23,0.023,29,6,0.006,5,0.005,1,0.001,0,0.0,5,0.005,0.20689655172413793,0.1724137931034483,0.20689655172413793,0.16666666666666666,0.0,0.0,977,23,7,15,17,18,977,23,0,0,0,2,977,23,14,18,21,31
0.10,1,22,8,5,1,1000,1000,1000,977,0.977,977,0.977,974,0.974,977,0.977,23,0.023,23,0,0.0,0,0.0,0,0.0,0,0.0,0,0.0,0.0,0.0,0.0,N/A,0.0,0.0,977,23,5,13,15,16,977,23,0,0,0,0,977,23,14,18,21,31
0.10,1,22,10,5,1,1000,1000,1000,977,0.977,977,0.977,974,0.974,977,0.977,23,0.023,23,0,0.0,0,0.0,0,0.0,0,0.0,0,0.0,0.0,0.0,0.0,N/A,0.0,0.0,977,23,7,15,17,18,977,23,0,0,0,0,977,23,14,18,21,31
0.10,1,22,12,5,1,1000,1000,1000,977,0.977,977,0.977,974,0.974,977,0.977,23,0.023,23,0,0.0,0,0.0,0,0.0,0,0.0,0,0.0,0.0,0.0,0.0,N/A,0.0,0.0,977,23,9,17,19,20,977,23,0,0,0,0,977,23,14,18,21,31
0.10,1,24,8,5,1,1000,1000,1000,977,0.977,977,0.977,976,0.976,977,0.977,23,0.023,23,0,0.0,0,0.0,0,0.0,0,0.0,0,0.0,0.0,0.0,0.0,N/A,0.0,0.0,977,23,7,15,17,18,977,23,0,0,0,0,977,23,14,18,21,31
0.10,1,24,10,5,1,1000,1000,1000,977,0.977,977,0.977,976,0.976,977,0.977,23,0.023,23,0,0.0,0,0.0,0,0.0,0,0.0,0,0.0,0.0,0.0,0.0,N/A,0.0,0.0,977,23,9,17,19,20,977,23,0,0,0,0,977,23,14,18,21,31
0.10,1,24,12,5,1,1000,1000,1000,977,0.977,977,0.977,976,0.976,977,0.977,23,0.023,23,0,0.0,0,0.0,0,0.0,0,0.0,0,0.0,0.0,0.0,0.0,N/A,0.0,0.0,977,23,11,19,21,22,977,23,0,0,0,0,977,23,14,18,21,31
0.10,3,14,8,5,1,1000,1000,1000,130,0.13,973,0.973,928,0.928,977,0.977,23,0.023,870,843,0.843,798,0.798,49,0.049,4,0.004,794,0.794,0.9689655172413794,0.9172413793103448,0.9735632183908046,0.05785123966942149,0.006000000000000005,-0.006000000000000002,977,23,0,6,7,8,977,23,0,2,4,7,977,23,14,16,18,22
0.10,3,14,10,5,1,1000,1000,1000,130,0.13,976,0.976,928,0.928,977,0.977,23,0.023,870,846,0.846,798,0.798,49,0.049,1,0.001,797,0.797,0.9724137931034482,0.9172413793103448,0.9735632183908046,0.05785123966942149,0.0,0.0,977,23,0,8,9,10,977,23,0,2,4,7,977,23,14,16,18,22
0.10,3,14,12,5,1,1000,1000,1000,130,0.13,976,0.976,928,0.928,977,0.977,23,0.023,870,846,0.846,798,0.798,49,0.049,1,0.001,797,0.797,0.9724137931034482,0.9172413793103448,0.9735632183908046,0.05785123966942149,0.0,0.0,977,23,0,10,11,12,977,23,0,2,4,7,977,23,14,16,18,22
0.10,3,16,8,5,1,1000,1000,1000,634,0.634,977,0.977,975,0.975,977,0.977,23,0.023,366,343,0.343,341,0.341,2,0.002,0,0.0,341,0.341,0.9371584699453552,0.9316939890710383,0.9371584699453552,0.0058309037900874635,0.0,0.0,977,23,2,8,9,10,977,23,0,0,2,5,977,23,14,16,18,22
0.10,3,16,10,5,1,1000,1000,1000,634,0.634,977,0.977,975,0.975,977,0.977,23,0.023,366,343,0.343,341,0.341,2,0.002,0,0.0,341,0.341,0.9371584699453552,0.9316939890710383,0.9371584699453552,0.0058309037900874635,0.0,0.0,977,23,3,10,11,12,977,23,0,0,2,5,977,23,14,16,18,22
0.10,3,16,12,5,1,1000,1000,1000,634,0.634,977,0.977,975,0.975,977,0.977,23,0.023,366,343,0.343,341,0.341,2,0.002,0,0.0,341,0.341,0.9371584699453552,0.9316939890710383,0.9371584699453552,0.0058309037900874635,0.0,0.0,977,23,4,12,13,14,977,23,0,0,2,5,977,23,14,16,18,22
0.10,3,18,8,5,1,1000,1000,1000,927,0.927,977,0.977,977,0.977,977,0.977,23,0.023,73,50,0.05,50,0.05,0,0.0,0,0.0,50,0.05,0.684931506849315,0.684931506849315,0.684931506849315,0.0,0.0,0.0,977,23,4,10,11,12,977,23,0,0,0,3,977,23,14,16,18,22
0.10,3,18,10,5,1,1000,1000,1000,927,0.927,977,0.977,977,0.977,977,0.977,23,0.023,73,50,0.05,50,0.05,0,0.0,0,0.0,50,0.05,0.684931506849315,0.684931506849315,0.684931506849315,0.0,0.0,0.0,977,23,5,12,13,14,977,23,0,0,0,3,977,23,14,16,18,22
0.10,3,18,12,5,1,1000,1000,1000,927,0.927,977,0.977,977,0.977,977,0.977,23,0.023,73,50,0.05,50,0.05,0,0.0,0,0.0,50,0.05,0.684931506849315,0.684931506849315,0.684931506849315,0.0,0.0,0.0,977,23,6,14,15,16,977,23,0,0,0,3,977,23,14,16,18,22
0.10,3,20,8,5,1,1000,1000,1000,974,0.974,977,0.977,977,0.977,977,0.977,23,0.023,26,3,0.003,3,0.003,0,0.0,0,0.0,3,0.003,0.11538461538461539,0.11538461538461539,0.11538461538461539,0.0,0.0,0.0,977,23,6,12,13,14,977,23,0,0,0,1,977,23,14,16,18,22
0.10,3,20,10,5,1,1000,1000,1000,974,0.974,977,0.977,977,0.977,977,0.977,23,0.023,26,3,0.003,3,0.003,0,0.0,0,0.0,3,0.003,0.11538461538461539,0.11538461538461539,0.11538461538461539,0.0,0.0,0.0,977,23,7,14,15,16,977,23,0,0,0,1,977,23,14,16,18,22
0.10,3,20,12,5,1,1000,1000,1000,974,0.974,977,0.977,977,0.977,977,0.977,23,0.023,26,3,0.003,3,0.003,0,0.0,0,0.0,3,0.003,0.11538461538461539,0.11538461538461539,0.11538461538461539,0.0,0.0,0.0,977,23,8,16,17,18,977,23,0,0,0,1,977,23,14,16,18,22
0.10,3,22,8,5,1,1000,1000,1000,977,0.977,977,0.977,977,0.977,977,0.977,23,0.023,23,0,0.0,0,0.0,0,0.0,0,0.0,0,0.0,0.0,0.0,0.0,N/A,0.0,0.0,977,23,8,14,15,16,977,23,0,0,0,0,977,23,14,16,18,22
0.10,3,22,10,5,1,1000,1000,1000,977,0.977,977,0.977,977,0.977,977,0.977,23,0.023,23,0,0.0,0,0.0,0,0.0,0,0.0,0,0.0,0.0,0.0,0.0,N/A,0.0,0.0,977,23,9,16,17,18,977,23,0,0,0,0,977,23,14,16,18,22
0.10,3,22,12,5,1,1000,1000,1000,977,0.977,977,0.977,977,0.977,977,0.977,23,0.023,23,0,0.0,0,0.0,0,0.0,0,0.0,0,0.0,0.0,0.0,0.0,N/A,0.0,0.0,977,23,10,18,19,20,977,23,0,0,0,0,977,23,14,16,18,22
0.10,3,24,8,5,1,1000,1000,1000,977,0.977,977,0.977,977,0.977,977,0.977,23,0.023,23,0,0.0,0,0.0,0,0.0,0,0.0,0,0.0,0.0,0.0,0.0,N/A,0.0,0.0,977,23,10,16,17,18,977,23,0,0,0,0,977,23,14,16,18,22
0.10,3,24,10,5,1,1000,1000,1000,977,0.977,977,0.977,977,0.977,977,0.977,23,0.023,23,0,0.0,0,0.0,0,0.0,0,0.0,0,0.0,0.0,0.0,0.0,N/A,0.0,0.0,977,23,11,18,19,20,977,23,0,0,0,0,977,23,14,16,18,22
0.10,3,24,12,5,1,1000,1000,1000,977,0.977,977,0.977,977,0.977,977,0.977,23,0.023,23,0,0.0,0,0.0,0,0.0,0,0.0,0,0.0,0.0,0.0,0.0,N/A,0.0,0.0,977,23,12,20,21,22,977,23,0,0,0,0,977,23,14,16,18,22
0.15,0,14,8,5,1,1000,1000,1000,56,0.056,923,0.923,0,0.0,923,0.923,77,0.077,944,867,0.867,0,0.0,867,0.867,0,0.0,0,0.0,0.9184322033898306,0.0,0.9184322033898306,1.0,0.0,0.0,923,77,0,5,7,8,935,65,0,3,6,11,0,1000,N/A,N/A,N/A,N/A
0.15,0,14,10,5,1,1000,1000,1000,56,0.056,934,0.934,0,0.0,934,0.934,66,0.066,944,878,0.878,0,0.0,878,0.878,0,0.0,0,0.0,0.9300847457627118,0.0,0.9300847457627118,1.0,0.0,0.0,934,66,0,7.0,9,10,935,65,0,3,6,11,0,1000,N/A,N/A,N/A,N/A
0.15,0,14,12,5,1,1000,1000,1000,56,0.056,935,0.935,0,0.0,935,0.935,65,0.065,944,879,0.879,0,0.0,879,0.879,0,0.0,0,0.0,0.9311440677966102,0.0,0.9311440677966102,1.0,0.0,0.0,935,65,1,9,11,12,935,65,0,3,6,11,0,1000,N/A,N/A,N/A,N/A
0.15,0,16,8,5,1,1000,1000,1000,447,0.447,935,0.935,0,0.0,935,0.935,65,0.065,553,488,0.488,0,0.0,488,0.488,0,0.0,0,0.0,0.8824593128390597,0.0,0.8824593128390597,1.0,0.0,0.0,935,65,0,7,9,10,936,64,0,1.0,4,9,0,1000,N/A,N/A,N/A,N/A
0.15,0,16,10,5,1,1000,1000,1000,447,0.447,936,0.936,0,0.0,936,0.936,64,0.064,553,489,0.489,0,0.0,489,0.489,0,0.0,0,0.0,0.8842676311030742,0.0,0.8842676311030742,1.0,0.0,0.0,936,64,1,9.0,11,12,936,64,0,1.0,4,9,0,1000,N/A,N/A,N/A,N/A
0.15,0,16,12,5,1,1000,1000,1000,447,0.447,936,0.936,0,0.0,936,0.936,64,0.064,553,489,0.489,0,0.0,489,0.489,0,0.0,0,0.0,0.8842676311030742,0.0,0.8842676311030742,1.0,0.0,0.0,936,64,3,11.0,13,14,936,64,0,1.0,4,9,0,1000,N/A,N/A,N/A,N/A
0.15,0,18,8,5,1,1000,1000,1000,811,0.811,937,0.937,0,0.0,938,0.938,62,0.062,189,127,0.127,0,0.0,127,0.127,0,0.0,0,0.0,0.671957671957672,0.0,0.671957671957672,1.0,0.0,0.0,938,62,0,9.0,11,12,938,62,0,0.0,1,7,0,1000,N/A,N/A,N/A,N/A
0.15,0,18,10,5,1,1000,1000,1000,811,0.811,938,0.938,0,0.0,938,0.938,62,0.062,189,127,0.127,0,0.0,127,0.127,0,0.0,0,0.0,0.671957671957672,0.0,0.671957671957672,1.0,0.0,0.0,938,62,1,11.0,13,14,938,62,0,0.0,1,7,0,1000,N/A,N/A,N/A,N/A
0.15,0,18,12,5,1,1000,1000,1000,811,0.811,938,0.938,0,0.0,938,0.938,62,0.062,189,127,0.127,0,0.0,127,0.127,0,0.0,0,0.0,0.671957671957672,0.0,0.671957671957672,1.0,0.0,0.0,938,62,3,13.0,15,16,938,62,0,0.0,1,7,0,1000,N/A,N/A,N/A,N/A
0.15,0,20,8,5,1,1000,1000,1000,923,0.923,938,0.938,0,0.0,938,0.938,62,0.062,77,15,0.015,0,0.0,15,0.015,0,0.0,0,0.0,0.19480519480519481,0.0,0.19480519480519481,1.0,0.0,0.0,938,62,2,11.0,13,14,938,62,0,0.0,0,3,0,1000,N/A,N/A,N/A,N/A
0.15,0,20,10,5,1,1000,1000,1000,923,0.923,938,0.938,0,0.0,938,0.938,62,0.062,77,15,0.015,0,0.0,15,0.015,0,0.0,0,0.0,0.19480519480519481,0.0,0.19480519480519481,1.0,0.0,0.0,938,62,3,13.0,15,16,938,62,0,0.0,0,3,0,1000,N/A,N/A,N/A,N/A
0.15,0,20,12,5,1,1000,1000,1000,923,0.923,938,0.938,0,0.0,938,0.938,62,0.062,77,15,0.015,0,0.0,15,0.015,0,0.0,0,0.0,0.19480519480519481,0.0,0.19480519480519481,1.0,0.0,0.0,938,62,5,15.0,17,18,938,62,0,0.0,0,3,0,1000,N/A,N/A,N/A,N/A
0.15,0,22,8,5,1,1000,1000,1000,937,0.937,938,0.938,0,0.0,938,0.938,62,0.062,63,1,0.001,0,0.0,1,0.001,0,0.0,0,0.0,0.015873015873015872,0.0,0.015873015873015872,1.0,0.0,0.0,938,62,4,13.0,15,16,938,62,0,0.0,0,1,0,1000,N/A,N/A,N/A,N/A
0.15,0,22,10,5,1,1000,1000,1000,937,0.937,938,0.938,0,0.0,938,0.938,62,0.062,63,1,0.001,0,0.0,1,0.001,0,0.0,0,0.0,0.015873015873015872,0.0,0.015873015873015872,1.0,0.0,0.0,938,62,5,15.0,17,18,938,62,0,0.0,0,1,0,1000,N/A,N/A,N/A,N/A
0.15,0,22,12,5,1,1000,1000,1000,937,0.937,938,0.938,0,0.0,938,0.938,62,0.062,63,1,0.001,0,0.0,1,0.001,0,0.0,0,0.0,0.015873015873015872,0.0,0.015873015873015872,1.0,0.0,0.0,938,62,7,17.0,19,20,938,62,0,0.0,0,1,0,1000,N/A,N/A,N/A,N/A
0.15,0,24,8,5,1,1000,1000,1000,938,0.938,938,0.938,0,0.0,938,0.938,62,0.062,62,0,0.0,0,0.0,0,0.0,0,0.0,0,0.0,0.0,0.0,0.0,N/A,0.0,0.0,938,62,6,15.0,17,18,938,62,0,0.0,0,0,0,1000,N/A,N/A,N/A,N/A
0.15,0,24,10,5,1,1000,1000,1000,938,0.938,938,0.938,0,0.0,938,0.938,62,0.062,62,0,0.0,0,0.0,0,0.0,0,0.0,0,0.0,0.0,0.0,0.0,N/A,0.0,0.0,938,62,7,17.0,19,20,938,62,0,0.0,0,0,0,1000,N/A,N/A,N/A,N/A
0.15,0,24,12,5,1,1000,1000,1000,938,0.938,938,0.938,0,0.0,938,0.938,62,0.062,62,0,0.0,0,0.0,0,0.0,0,0.0,0,0.0,0.0,0.0,0.0,N/A,0.0,0.0,938,62,9,19.0,21,22,938,62,0,0.0,0,0,0,1000,N/A,N/A,N/A,N/A
0.15,1,14,8,5,1,1000,1000,1000,41,0.041,913,0.913,555,0.555,925,0.925,75,0.075,959,872,0.872,519,0.519,365,0.365,12,0.012,507,0.507,0.9092805005213764,0.5411887382690302,0.921793534932221,0.41289592760180993,0.0020000000000000018,-0.0020000000000000018,925,75,0,5,7,8,937,63,0,3,6,11,937,63,14,18,23,32
0.15,1,14,10,5,1,1000,1000,1000,41,0.041,931,0.931,555,0.555,933,0.933,67,0.067,959,890,0.89,519,0.519,373,0.373,2,0.002,517,0.517,0.9280500521376434,0.5411887382690302,0.9301355578727841,0.41816143497757846,-0.0010000000000000009,0.0010000000000000009,933,67,0,7,9,10,937,63,0,3,6,11,937,63,14,18,23,32
0.15,1,14,12,5,1,1000,1000,1000,41,0.041,934,0.934,555,0.555,935,0.935,65,0.065,959,893,0.893,519,0.519,375,0.375,1,0.001,518,0.518,0.9311783107403545,0.5411887382690302,0.9322210636079249,0.41946308724832215,0.0,0.0,935,65,0,9,11,12,937,63,0,3,6,11,937,63,14,18,23,32
0.15,1,16,8,5,1,1000,1000,1000,460,0.46,933,0.933,750,0.75,935,0.935,65,0.065,540,473,0.473,344,0.344,131,0.131,2,0.002,342,0.342,0.8759259259259259,0.6370370370370371,0.8796296296296297,0.27578947368421053,0.0,0.0,935,65,0,7,9,10,938,62,0,1.0,4,8,937,63,14,18,23,32
0.15,1,16,10,5,1,1000,1000,1000,460,0.46,936,0.936,750,0.75,937,0.937,63,0.063,540,476,0.476,344,0.344,133,0.133,1,0.001,343,0.343,0.8814814814814815,0.6370370370370371,0.8833333333333333,0.27882599580712786,0.0010000000000000009,-0.0010000000000000009,937,63,0,9,11,12,938,62,0,1.0,4,8,937,63,14,18,23,32
0.15,1,16,12,5,1,1000,1000,1000,460,0.46,936,0.936,750,0.75,937,0.937,63,0.063,540,476,0.476,344,0.344,133,0.133,1,0.001,343,0.343,0.8814814814814815,0.6370370370370371,0.8833333333333333,0.27882599580712786,0.0010000000000000009,-0.0010000000000000009,937,63,0,11,13,14,938,62,0,1.0,4,8,937,63,14,18,23,32
0.15,1,18,8,5,1,1000,1000,1000,806,0.806,938,0.938,852,0.852,938,0.938,62,0.062,194,132,0.132,94,0.094,38,0.038,0,0.0,94,0.094,0.6804123711340206,0.4845360824742268,0.6804123711340206,0.2878787878787879,0.0,0.0,938,62,0,9.0,11,12,938,62,0,0.0,1,6,937,63,14,18,23,32
0.15,1,18,10,5,1,1000,1000,1000,806,0.806,938,0.938,852,0.852,938,0.938,62,0.062,194,132,0.132,94,0.094,38,0.038,0,0.0,94,0.094,0.6804123711340206,0.4845360824742268,0.6804123711340206,0.2878787878787879,0.0,0.0,938,62,2,11.0,13,14,938,62,0,0.0,1,6,937,63,14,18,23,32
0.15,1,18,12,5,1,1000,1000,1000,806,0.806,938,0.938,852,0.852,938,0.938,62,0.062,194,132,0.132,94,0.094,38,0.038,0,0.0,94,0.094,0.6804123711340206,0.4845360824742268,0.6804123711340206,0.2878787878787879,0.0,0.0,938,62,4,13.0,15,16,938,62,0,0.0,1,6,937,63,14,18,23,32
0.15,1,20,8,5,1,1000,1000,1000,918,0.918,938,0.938,891,0.891,938,0.938,62,0.062,82,20,0.02,17,0.017,3,0.003,0,0.0,17,0.017,0.24390243902439024,0.2073170731707317,0.24390243902439024,0.15,0.0,0.0,938,62,2,11.0,13,14,938,62,0,0.0,0,4,937,63,14,18,23,32
0.15,1,20,10,5,1,1000,1000,1000,918,0.918,938,0.938,891,0.891,938,0.938,62,0.062,82,20,0.02,17,0.017,3,0.003,0,0.0,17,0.017,0.24390243902439024,0.2073170731707317,0.24390243902439024,0.15,0.0,0.0,938,62,4,13.0,15,16,938,62,0,0.0,0,4,937,63,14,18,23,32
0.15,1,20,12,5,1,1000,1000,1000,918,0.918,938,0.938,891,0.891,938,0.938,62,0.062,82,20,0.02,17,0.017,3,0.003,0,0.0,17,0.017,0.24390243902439024,0.2073170731707317,0.24390243902439024,0.15,0.0,0.0,938,62,6,15.0,17,18,938,62,0,0.0,0,4,937,63,14,18,23,32
0.15,1,22,8,5,1,1000,1000,1000,935,0.935,938,0.938,923,0.923,938,0.938,62,0.062,65,3,0.003,3,0.003,0,0.0,0,0.0,3,0.003,0.046153846153846156,0.046153846153846156,0.046153846153846156,0.0,0.0,0.0,938,62,4,13.0,15,16,938,62,0,0.0,0,2,937,63,14,18,23,32
0.15,1,22,10,5,1,1000,1000,1000,935,0.935,938,0.938,923,0.923,938,0.938,62,0.062,65,3,0.003,3,0.003,0,0.0,0,0.0,3,0.003,0.046153846153846156,0.046153846153846156,0.046153846153846156,0.0,0.0,0.0,938,62,6,15.0,17,18,938,62,0,0.0,0,2,937,63,14,18,23,32
0.15,1,22,12,5,1,1000,1000,1000,935,0.935,938,0.938,923,0.923,938,0.938,62,0.062,65,3,0.003,3,0.003,0,0.0,0,0.0,3,0.003,0.046153846153846156,0.046153846153846156,0.046153846153846156,0.0,0.0,0.0,938,62,8,17.0,19,20,938,62,0,0.0,0,2,937,63,14,18,23,32
0.15,1,24,8,5,1,1000,1000,1000,938,0.938,938,0.938,930,0.93,938,0.938,62,0.062,62,0,0.0,0,0.0,0,0.0,0,0.0,0,0.0,0.0,0.0,0.0,N/A,0.0,0.0,938,62,6,15.0,17,18,938,62,0,0.0,0,0,937,63,14,18,23,32
0.15,1,24,10,5,1,1000,1000,1000,938,0.938,938,0.938,930,0.93,938,0.938,62,0.062,62,0,0.0,0,0.0,0,0.0,0,0.0,0,0.0,0.0,0.0,0.0,N/A,0.0,0.0,938,62,8,17.0,19,20,938,62,0,0.0,0,0,937,63,14,18,23,32
0.15,1,24,12,5,1,1000,1000,1000,938,0.938,938,0.938,930,0.93,938,0.938,62,0.062,62,0,0.0,0,0.0,0,0.0,0,0.0,0,0.0,0.0,0.0,0.0,N/A,0.0,0.0,938,62,10,19.0,21,22,938,62,0,0.0,0,0,937,63,14,18,23,32
0.15,3,14,8,5,1,1000,1000,1000,83,0.083,918,0.918,832,0.832,929,0.929,71,0.071,917,835,0.835,749,0.749,97,0.097,11,0.011,738,0.738,0.910577971646674,0.816793893129771,0.9225736095965104,0.11465721040189125,0.006000000000000005,-0.006000000000000005,929,71,0,5,7,8,938,62,0,3.0,5,9,938,62,14,17.0,19,25
0.15,3,14,10,5,1,1000,1000,1000,83,0.083,931,0.931,832,0.832,936,0.936,64,0.064,917,848,0.848,749,0.749,104,0.104,5,0.005,744,0.744,0.9247546346782988,0.816793893129771,0.9302071973827699,0.12192262602579132,0.0020000000000000018,-0.0020000000000000018,936,64,0,7.0,9,10,938,62,0,3.0,5,9,938,62,14,17.0,19,25
0.15,3,14,12,5,1,1000,1000,1000,83,0.083,933,0.933,832,0.832,936,0.936,64,0.064,917,850,0.85,749,0.749,104,0.104,3,0.003,746,0.746,0.9269356597600873,0.816793893129771,0.9302071973827699,0.12192262602579132,0.0010000000000000009,-0.0010000000000000009,936,64,0,9.0,11,12,938,62,0,3.0,5,9,938,62,14,17.0,19,25
0.15,3,16,8,5,1,1000,1000,1000,489,0.489,934,0.934,913,0.913,938,0.938,62,0.062,511,445,0.445,424,0.424,25,0.025,4,0.004,420,0.42,0.8708414872798435,0.8297455968688845,0.8786692759295499,0.0556792873051225,0.0029999999999998916,-0.0030000000000000027,938,62,0,7.0,9,10,938,62,0,0.0,3,7,938,62,14,17.0,19,25
0.15,3,16,10,5,1,1000,1000,1000,489,0.489,936,0.936,913,0.913,938,0.938,62,0.062,511,447,0.447,424,0.424,25,0.025,2,0.002,422,0.422,0.8747553816046967,0.8297455968688845,0.8786692759295499,0.0556792873051225,0.0019999999999998908,-0.0020000000000000018,938,62,0,9.0,11,12,938,62,0,0.0,3,7,938,62,14,17.0,19,25
0.15,3,16,12,5,1,1000,1000,1000,489,0.489,936,0.936,913,0.913,938,0.938,62,0.062,511,447,0.447,424,0.424,25,0.025,2,0.002,422,0.422,0.8747553816046967,0.8297455968688845,0.8786692759295499,0.0556792873051225,0.0019999999999998908,-0.0020000000000000018,938,62,0,11.0,13,14,938,62,0,0.0,3,7,938,62,14,17.0,19,25
0.15,3,18,8,5,1,1000,1000,1000,820,0.82,938,0.938,932,0.932,938,0.938,62,0.062,180,118,0.118,113,0.113,5,0.005,0,0.0,113,0.113,0.6555555555555556,0.6277777777777778,0.6555555555555556,0.0423728813559322,0.0,0.0,938,62,2,9.0,11,12,938,62,0,0.0,1,5,938,62,14,17.0,19,25
0.15,3,18,10,5,1,1000,1000,1000,820,0.82,938,0.938,932,0.932,938,0.938,62,0.062,180,118,0.118,113,0.113,5,0.005,0,0.0,113,0.113,0.6555555555555556,0.6277777777777778,0.6555555555555556,0.0423728813559322,0.0,0.0,938,62,2,11.0,13,14,938,62,0,0.0,1,5,938,62,14,17.0,19,25
0.15,3,18,12,5,1,1000,1000,1000,820,0.82,938,0.938,932,0.932,938,0.938,62,0.062,180,118,0.118,113,0.113,5,0.005,0,0.0,113,0.113,0.6555555555555556,0.6277777777777778,0.6555555555555556,0.0423728813559322,0.0,0.0,938,62,4,13.0,15,16,938,62,0,0.0,1,5,938,62,14,17.0,19,25
0.15,3,20,8,5,1,1000,1000,1000,923,0.923,938,0.938,938,0.938,938,0.938,62,0.062,77,15,0.015,15,0.015,0,0.0,0,0.0,15,0.015,0.19480519480519481,0.19480519480519481,0.19480519480519481,0.0,0.0,0.0,938,62,4,11.0,13,14,938,62,0,0.0,0,3,938,62,14,17.0,19,25
0.15,3,20,10,5,1,1000,1000,1000,923,0.923,938,0.938,938,0.938,938,0.938,62,0.062,77,15,0.015,15,0.015,0,0.0,0,0.0,15,0.015,0.19480519480519481,0.19480519480519481,0.19480519480519481,0.0,0.0,0.0,938,62,4,13.0,15,16,938,62,0,0.0,0,3,938,62,14,17.0,19,25
0.15,3,20,12,5,1,1000,1000,1000,923,0.923,938,0.938,938,0.938,938,0.938,62,0.062,77,15,0.015,15,0.015,0,0.0,0,0.0,15,0.015,0.19480519480519481,0.19480519480519481,0.19480519480519481,0.0,0.0,0.0,938,62,6,15.0,17,18,938,62,0,0.0,0,3,938,62,14,17.0,19,25
0.15,3,22,8,5,1,1000,1000,1000,937,0.937,938,0.938,938,0.938,938,0.938,62,0.062,63,1,0.001,1,0.001,0,0.0,0,0.0,1,0.001,0.015873015873015872,0.015873015873015872,0.015873015873015872,0.0,0.0,0.0,938,62,6,13.0,15,16,938,62,0,0.0,0,1,938,62,14,17.0,19,25
0.15,3,22,10,5,1,1000,1000,1000,937,0.937,938,0.938,938,0.938,938,0.938,62,0.062,63,1,0.001,1,0.001,0,0.0,0,0.0,1,0.001,0.015873015873015872,0.015873015873015872,0.015873015873015872,0.0,0.0,0.0,938,62,6,15.0,17,18,938,62,0,0.0,0,1,938,62,14,17.0,19,25
0.15,3,22,12,5,1,1000,1000,1000,937,0.937,938,0.938,938,0.938,938,0.938,62,0.062,63,1,0.001,1,0.001,0,0.0,0,0.0,1,0.001,0.015873015873015872,0.015873015873015872,0.015873015873015872,0.0,0.0,0.0,938,62,8,17.0,19,20,938,62,0,0.0,0,1,938,62,14,17.0,19,25
0.15,3,24,8,5,1,1000,1000,1000,938,0.938,938,0.938,938,0.938,938,0.938,62,0.062,62,0,0.0,0,0.0,0,0.0,0,0.0,0,0.0,0.0,0.0,0.0,N/A,0.0,0.0,938,62,8,15.0,17,18,938,62,0,0.0,0,0,938,62,14,17.0,19,25
0.15,3,24,10,5,1,1000,1000,1000,938,0.938,938,0.938,938,0.938,938,0.938,62,0.062,62,0,0.0,0,0.0,0,0.0,0,0.0,0,0.0,0.0,0.0,0.0,N/A,0.0,0.0,938,62,8,17.0,19,20,938,62,0,0.0,0,0,938,62,14,17.0,19,25
0.15,3,24,12,5,1,1000,1000,1000,938,0.938,938,0.938,938,0.938,938,0.938,62,0.062,62,0,0.0,0,0.0,0,0.0,0,0.0,0,0.0,0.0,0.0,0.0,N/A,0.0,0.0,938,62,10,19.0,21,22,938,62,0,0.0,0,0,938,62,14,17.0,19,25
